statn_nm,direction,time_band,svc_type,plan_p50_sec,plan_n
가양,상행,밤,급행,660,20
가양,상행,밤,완행,660,26
가양,상행,밤,전체,595,47
가양,상행,새벽,급행,720,9
가양,상행,새벽,완행,548,10
가양,상행,새벽,전체,310,19
가양,상행,점심,급행,660,38
가양,상행,점심,완행,660,41
가양,상행,점심,전체,210,79
가양,상행,출근,급행,380,24
가양,상행,출근,완행,380,23
가양,상행,출근,전체,200,47
가양,상행,퇴근,급행,410,25
가양,상행,퇴근,완행,410,24
가양,상행,퇴근,전체,345,49
가양,하행,밤,급행,640,32
가양,하행,밤,완행,470,35
가양,하행,밤,전체,215,68
가양,하행,새벽,급행,835,2
가양,하행,새벽,완행,805,7
가양,하행,새벽,전체,745,9
가양,하행,점심,급행,660,41
가양,하행,점심,완행,660,44
가양,하행,점심,전체,195,85
가양,하행,출근,급행,520,20
가양,하행,출근,완행,520,20
가양,하행,출근,전체,190,40
가양,하행,퇴근,급행,482,20
가양,하행,퇴근,완행,482,20
가양,하행,퇴근,전체,205,40
개화,상행,밤,완행,660,25
개화,상행,밤,전체,660,25
개화,상행,새벽,완행,425,11
개화,상행,새벽,전체,425,11
개화,상행,점심,완행,660,41
개화,상행,점심,전체,660,41
개화,상행,출근,완행,410,23
개화,상행,출근,전체,410,23
개화,상행,퇴근,완행,410,23
개화,상행,퇴근,전체,410,23
개화,하행,밤,완행,440,35
개화,하행,밤,전체,440,35
개화,하행,새벽,완행,810,6
개화,하행,새벽,전체,810,6
개화,하행,점심,완행,660,45
개화,하행,점심,전체,660,45
개화,하행,출근,완행,538,18
개화,하행,출근,전체,538,18
개화,하행,퇴근,완행,510,19
개화,하행,퇴근,전체,510,19
고속터미널,상행,밤,급행,660,22
고속터미널,상행,밤,완행,660,27
고속터미널,상행,밤,전체,362,50
고속터미널,상행,새벽,급행,720,7
고속터미널,상행,새벽,완행,720,7
고속터미널,상행,새벽,전체,352,14
고속터미널,상행,점심,급행,660,38
고속터미널,상행,점심,완행,660,38
고속터미널,상행,점심,전체,205,76
고속터미널,상행,출근,급행,380,25
고속터미널,상행,출근,완행,380,26
고속터미널,상행,출근,전체,260,51
고속터미널,상행,퇴근,급행,410,25
고속터미널,상행,퇴근,완행,410,26
고속터미널,상행,퇴근,전체,285,51
고속터미널,하행,밤,급행,660,28
고속터미널,하행,밤,완행,660,32
고속터미널,하행,밤,전체,205,61
고속터미널,하행,새벽,급행,780,4
고속터미널,하행,새벽,완행,780,7
고속터미널,하행,새벽,전체,675,11
고속터미널,하행,점심,급행,660,39
고속터미널,하행,점심,완행,660,42
고속터미널,하행,점심,전체,230,81
고속터미널,하행,출근,급행,380,22
고속터미널,하행,출근,완행,380,23
고속터미널,하행,출근,전체,265,45
고속터미널,하행,퇴근,급행,415,22
고속터미널,하행,퇴근,완행,410,22
고속터미널,하행,퇴근,전체,270,44
공항시장,상행,밤,완행,660,25
공항시장,상행,밤,전체,660,25
공항시장,상행,새벽,완행,458,10
공항시장,상행,새벽,전체,458,10
공항시장,상행,점심,완행,660,41
공항시장,상행,점심,전체,660,41
공항시장,상행,출근,완행,380,23
공항시장,상행,출근,전체,380,23
공항시장,상행,퇴근,완행,410,24
공항시장,상행,퇴근,전체,410,24
공항시장,하행,밤,완행,440,35
공항시장,하행,밤,전체,440,35
공항시장,하행,새벽,완행,832,6
공항시장,하행,새벽,전체,832,6
공항시장,하행,점심,완행,660,45
공항시장,하행,점심,전체,660,45
공항시장,하행,출근,완행,530,19
공항시장,하행,출근,전체,530,19
공항시장,하행,퇴근,완행,505,20
공항시장,하행,퇴근,전체,505,20
구반포,상행,밤,완행,660,27
구반포,상행,밤,전체,660,27
구반포,상행,새벽,완행,718,8
구반포,상행,새벽,전체,718,8
구반포,상행,점심,완행,660,39
구반포,상행,점심,전체,660,39
구반포,상행,출근,완행,380,25
구반포,상행,출근,전체,380,25
구반포,상행,퇴근,완행,410,25
구반포,상행,퇴근,전체,410,25
구반포,하행,밤,완행,660,33
구반포,하행,밤,전체,660,33
구반포,하행,새벽,완행,788,6
구반포,하행,새벽,전체,788,6
구반포,하행,점심,완행,660,42
구반포,하행,점심,전체,660,42
구반포,하행,출근,완행,380,23
구반포,하행,출근,전체,380,23
구반포,하행,퇴근,완행,430,22
구반포,하행,퇴근,전체,430,22
국회의사당,상행,밤,완행,660,26
국회의사당,상행,밤,전체,660,26
국회의사당,상행,새벽,완행,672,8
국회의사당,상행,새벽,전체,672,8
국회의사당,상행,점심,완행,660,39
국회의사당,상행,점심,전체,660,39
국회의사당,상행,출근,완행,380,25
국회의사당,상행,출근,전체,380,25
국회의사당,상행,퇴근,완행,410,25
국회의사당,상행,퇴근,전체,410,25
국회의사당,하행,밤,완행,605,33
국회의사당,하행,밤,전체,605,33
국회의사당,하행,새벽,완행,790,6
국회의사당,하행,새벽,전체,790,6
국회의사당,하행,점심,완행,660,44
국회의사당,하행,점심,전체,660,44
국회의사당,하행,출근,완행,495,21
국회의사당,하행,출근,전체,495,21
국회의사당,하행,퇴근,완행,480,21
국회의사당,하행,퇴근,전체,480,21
김포공항,상행,밤,급행,660,19
김포공항,상행,밤,완행,660,25
김포공항,상행,밤,전체,340,45
김포공항,상행,새벽,급행,660,10
김포공항,상행,새벽,완행,462,10
김포공항,상행,새벽,전체,320,20
김포공항,상행,점심,급행,660,38
김포공항,상행,점심,완행,660,41
김포공항,상행,점심,전체,320,79
김포공항,상행,출근,급행,380,24
김포공항,상행,출근,완행,380,23
김포공항,상행,출근,전체,320,47
김포공항,상행,퇴근,급행,410,25
김포공항,상행,퇴근,완행,410,24
김포공항,상행,퇴근,전체,320,49
김포공항,하행,밤,급행,610,33
김포공항,하행,밤,완행,430,36
김포공항,하행,밤,전체,265,70
김포공항,하행,새벽,완행,832,6
김포공항,하행,새벽,전체,775,7
김포공항,하행,점심,급행,660,42
김포공항,하행,점심,완행,660,45
김포공항,하행,점심,전체,265,87
김포공항,하행,출근,급행,520,19
김포공항,하행,출근,완행,530,19
김포공항,하행,출근,전체,265,38
김포공항,하행,퇴근,급행,498,20
김포공항,하행,퇴근,완행,510,19
김포공항,하행,퇴근,전체,265,39
노들,상행,밤,완행,660,27
노들,상행,밤,전체,660,27
노들,상행,새벽,완행,720,8
노들,상행,새벽,전체,720,8
노들,상행,점심,완행,660,39
노들,상행,점심,전체,660,39
노들,상행,출근,완행,380,25
노들,상행,출근,전체,380,25
노들,상행,퇴근,완행,410,25
노들,상행,퇴근,전체,410,25
노들,하행,밤,완행,605,33
노들,하행,밤,전체,605,33
노들,하행,새벽,완행,780,7
노들,하행,새벽,전체,780,7
노들,하행,점심,완행,660,42
노들,하행,점심,전체,660,42
노들,하행,출근,완행,395,22
노들,하행,출근,전체,395,22
노들,하행,퇴근,완행,445,22
노들,하행,퇴근,전체,445,22
노량진,상행,밤,급행,660,22
노량진,상행,밤,완행,660,27
노량진,상행,밤,전체,405,50
노량진,상행,새벽,급행,720,7
노량진,상행,새벽,완행,720,8
노량진,상행,새벽,전체,305,15
노량진,상행,점심,급행,660,37
노량진,상행,점심,완행,660,39
노량진,상행,점심,전체,230,76
노량진,상행,출근,급행,380,26
노량진,상행,출근,완행,380,25
노량진,상행,출근,전체,230,51
노량진,상행,퇴근,급행,410,25
노량진,상행,퇴근,완행,410,25
노량진,상행,퇴근,전체,208,50
노량진,하행,밤,급행,660,29
노량진,하행,밤,완행,605,33
노량진,하행,밤,전체,195,63
노량진,하행,새벽,급행,780,3
노량진,하행,새벽,완행,780,7
노량진,하행,새벽,전체,440,10
노량진,하행,점심,급행,660,40
노량진,하행,점심,완행,660,42
노량진,하행,점심,전체,240,82
노량진,하행,출근,급행,445,21
노량진,하행,출근,완행,395,22
노량진,하행,출근,전체,275,43
노량진,하행,퇴근,급행,472,22
노량진,하행,퇴근,완행,445,22
노량진,하행,퇴근,전체,255,44
당산,상행,밤,급행,660,21
당산,상행,밤,완행,660,27
당산,상행,밤,전체,340,49
당산,상행,새벽,급행,720,8
당산,상행,새벽,완행,672,8
당산,상행,새벽,전체,345,16
당산,상행,점심,급행,660,38
당산,상행,점심,완행,660,39
당산,상행,점심,전체,330,77
당산,상행,출근,급행,380,25
당산,상행,출근,완행,380,25
당산,상행,출근,전체,245,50
당산,상행,퇴근,급행,410,25
당산,상행,퇴근,완행,410,25
당산,상행,퇴근,전체,240,50
당산,하행,밤,급행,652,30
당산,하행,밤,완행,545,34
당산,하행,밤,전체,315,65
당산,하행,새벽,급행,780,3
당산,하행,새벽,완행,805,7
당산,하행,새벽,전체,480,10
당산,하행,점심,급행,660,41
당산,하행,점심,완행,660,43
당산,하행,점심,전체,310,84
당산,하행,출근,급행,495,20
당산,하행,출근,완행,505,21
당산,하행,출근,전체,275,41
당산,하행,퇴근,급행,475,21
당산,하행,퇴근,완행,480,21
당산,하행,퇴근,전체,280,42
동작,상행,밤,급행,660,22
동작,상행,밤,완행,660,28
동작,상행,밤,전체,340,51
동작,상행,새벽,급행,720,7
동작,상행,새벽,완행,705,8
동작,상행,새벽,전체,470,15
동작,상행,점심,급행,660,38
동작,상행,점심,완행,660,39
동작,상행,점심,전체,205,77
동작,상행,출근,급행,380,25
동작,상행,출근,완행,380,25
동작,상행,출근,전체,195,50
동작,상행,퇴근,급행,410,25
동작,상행,퇴근,완행,410,25
동작,상행,퇴근,전체,220,50
동작,하행,밤,급행,660,29
동작,하행,밤,완행,660,33
동작,하행,밤,전체,215,63
동작,하행,새벽,급행,780,4
동작,하행,새벽,완행,780,7
동작,하행,새벽,전체,555,11
동작,하행,점심,급행,660,40
동작,하행,점심,완행,660,42
동작,하행,점심,전체,195,82
동작,하행,출근,급행,390,21
동작,하행,출근,완행,380,23
동작,하행,출근,전체,195,44
동작,하행,퇴근,급행,465,21
동작,하행,퇴근,완행,430,22
동작,하행,퇴근,전체,215,43
둔촌오륜,상행,밤,완행,660,30
둔촌오륜,상행,밤,전체,660,30
둔촌오륜,상행,새벽,완행,765,7
둔촌오륜,상행,새벽,전체,765,7
둔촌오륜,상행,점심,완행,660,38
둔촌오륜,상행,점심,전체,660,38
둔촌오륜,상행,출근,완행,380,24
둔촌오륜,상행,출근,전체,380,24
둔촌오륜,상행,퇴근,완행,410,25
둔촌오륜,상행,퇴근,전체,410,25
둔촌오륜,하행,밤,완행,660,28
둔촌오륜,하행,밤,전체,660,28
둔촌오륜,하행,새벽,완행,780,8
둔촌오륜,하행,새벽,전체,780,8
둔촌오륜,하행,점심,완행,660,38
둔촌오륜,하행,점심,전체,660,38
둔촌오륜,하행,출근,완행,380,25
둔촌오륜,하행,출근,전체,380,25
둔촌오륜,하행,퇴근,완행,410,25
둔촌오륜,하행,퇴근,전체,410,25
등촌,상행,밤,완행,660,26
등촌,상행,밤,전체,660,26
등촌,상행,새벽,완행,595,9
등촌,상행,새벽,전체,595,9
등촌,상행,점심,완행,660,40
등촌,상행,점심,전체,660,40
등촌,상행,출근,완행,380,24
등촌,상행,출근,전체,380,24
등촌,상행,퇴근,완행,410,24
등촌,상행,퇴근,전체,410,24
등촌,하행,밤,완행,485,34
등촌,하행,밤,전체,485,34
등촌,하행,새벽,완행,838,6
등촌,하행,새벽,전체,838,6
등촌,하행,점심,완행,660,45
등촌,하행,점심,전체,660,45
등촌,하행,출근,완행,518,20
등촌,하행,출근,전체,518,20
등촌,하행,퇴근,완행,480,20
등촌,하행,퇴근,전체,480,20
마곡나루,상행,밤,급행,660,20
마곡나루,상행,밤,완행,660,25
마곡나루,상행,밤,전체,490,46
마곡나루,상행,새벽,급행,720,9
마곡나루,상행,새벽,완행,490,11
마곡나루,상행,새벽,전체,210,20
마곡나루,상행,점심,급행,660,39
마곡나루,상행,점심,완행,660,40
마곡나루,상행,점심,전체,220,79
마곡나루,상행,출근,급행,380,24
마곡나루,상행,출근,완행,380,23
마곡나루,상행,출근,전체,200,47
마곡나루,상행,퇴근,급행,410,24
마곡나루,상행,퇴근,완행,410,25
마곡나루,상행,퇴근,전체,190,49
마곡나루,하행,밤,급행,642,32
마곡나루,하행,밤,완행,462,36
마곡나루,하행,밤,전체,195,69
마곡나루,하행,새벽,급행,835,2
마곡나루,하행,새벽,완행,815,7
마곡나루,하행,새벽,전체,745,9
마곡나루,하행,점심,급행,660,42
마곡나루,하행,점심,완행,660,44
마곡나루,하행,점심,전체,178,86
마곡나루,하행,출근,급행,520,19
마곡나루,하행,출근,완행,515,19
마곡나루,하행,출근,전체,200,38
마곡나루,하행,퇴근,급행,482,20
마곡나루,하행,퇴근,완행,500,20
마곡나루,하행,퇴근,전체,210,40
봉은사,상행,밤,급행,660,22
봉은사,상행,밤,완행,660,28
봉은사,상행,밤,전체,295,51
봉은사,상행,새벽,급행,720,6
봉은사,상행,새벽,완행,730,7
봉은사,상행,새벽,전체,385,13
봉은사,상행,점심,급행,660,38
봉은사,상행,점심,완행,660,39
봉은사,상행,점심,전체,300,77
봉은사,상행,출근,급행,380,24
봉은사,상행,출근,완행,380,25
봉은사,상행,출근,전체,205,49
봉은사,상행,퇴근,급행,410,25
봉은사,상행,퇴근,완행,410,25
봉은사,상행,퇴근,전체,225,50
봉은사,하행,밤,급행,660,27
봉은사,하행,밤,완행,660,30
봉은사,하행,밤,전체,230,58
봉은사,하행,새벽,급행,780,5
봉은사,하행,새벽,완행,780,7
봉은사,하행,새벽,전체,520,12
봉은사,하행,점심,급행,660,39
봉은사,하행,점심,완행,660,40
봉은사,하행,점심,전체,240,79
봉은사,하행,출근,급행,380,22
봉은사,하행,출근,완행,380,24
봉은사,하행,출근,전체,205,46
봉은사,하행,퇴근,급행,410,22
봉은사,하행,퇴근,완행,410,23
봉은사,하행,퇴근,전체,215,45
사평,상행,밤,완행,660,28
사평,상행,밤,전체,660,28
사평,상행,새벽,완행,730,7
사평,상행,새벽,전체,730,7
사평,상행,점심,완행,660,39
사평,상행,점심,전체,660,39
사평,상행,출근,완행,380,25
사평,상행,출근,전체,380,25
사평,상행,퇴근,완행,410,25
사평,상행,퇴근,전체,410,25
사평,하행,밤,완행,660,32
사평,하행,밤,전체,660,32
사평,하행,새벽,완행,780,7
사평,하행,새벽,전체,780,7
사평,하행,점심,완행,660,42
사평,하행,점심,전체,660,42
사평,하행,출근,완행,380,23
사평,하행,출근,전체,380,23
사평,하행,퇴근,완행,410,22
사평,하행,퇴근,전체,410,22
삼성중앙,상행,밤,완행,660,28
삼성중앙,상행,밤,전체,660,28
삼성중앙,상행,새벽,완행,725,8
삼성중앙,상행,새벽,전체,725,8
삼성중앙,상행,점심,완행,660,38
삼성중앙,상행,점심,전체,660,38
삼성중앙,상행,출근,완행,380,25
삼성중앙,상행,출근,전체,380,25
삼성중앙,상행,퇴근,완행,410,25
삼성중앙,상행,퇴근,전체,410,25
삼성중앙,하행,밤,완행,660,30
삼성중앙,하행,밤,전체,660,30
삼성중앙,하행,새벽,완행,780,7
삼성중앙,하행,새벽,전체,780,7
삼성중앙,하행,점심,완행,660,39
삼성중앙,하행,점심,전체,660,39
삼성중앙,하행,출근,완행,380,24
삼성중앙,하행,출근,전체,380,24
삼성중앙,하행,퇴근,완행,410,24
삼성중앙,하행,퇴근,전체,410,24
삼전,상행,밤,완행,660,29
삼전,상행,밤,전체,660,29
삼전,상행,새벽,완행,728,8
삼전,상행,새벽,전체,728,8
삼전,상행,점심,완행,660,39
삼전,상행,점심,전체,660,39
삼전,상행,출근,완행,380,25
삼전,상행,출근,전체,380,25
삼전,상행,퇴근,완행,410,24
삼전,상행,퇴근,전체,410,24
삼전,하행,밤,완행,660,30
삼전,하행,밤,전체,660,30
삼전,하행,새벽,완행,780,7
삼전,하행,새벽,전체,780,7
삼전,하행,점심,완행,660,39
삼전,하행,점심,전체,660,39
삼전,하행,출근,완행,380,25
삼전,하행,출근,전체,380,25
삼전,하행,퇴근,완행,410,24
삼전,하행,퇴근,전체,410,24
샛강,상행,밤,완행,660,26
샛강,상행,밤,전체,660,26
샛강,상행,새벽,완행,720,9
샛강,상행,새벽,전체,720,9
샛강,상행,점심,완행,660,40
샛강,상행,점심,전체,660,40
샛강,상행,출근,완행,380,24
샛강,상행,출근,전체,380,24
샛강,상행,퇴근,완행,410,25
샛강,상행,퇴근,전체,410,25
샛강,하행,밤,완행,605,33
샛강,하행,밤,전체,605,33
샛강,하행,새벽,완행,780,7
샛강,하행,새벽,전체,780,7
샛강,하행,점심,완행,660,43
샛강,하행,점심,전체,660,43
샛강,하행,출근,완행,410,21
샛강,하행,출근,전체,410,21
샛강,하행,퇴근,완행,445,22
샛강,하행,퇴근,전체,445,22
석촌,상행,밤,급행,660,23
석촌,상행,밤,완행,660,28
석촌,상행,밤,전체,378,52
석촌,상행,새벽,급행,720,5
석촌,상행,새벽,완행,728,8
석촌,상행,새벽,전체,515,13
석촌,상행,점심,급행,660,38
석촌,상행,점심,완행,660,38
석촌,상행,점심,전체,285,76
석촌,상행,출근,급행,380,24
석촌,상행,출근,완행,380,25
석촌,상행,출근,전체,245,49
석촌,상행,퇴근,급행,410,25
석촌,상행,퇴근,완행,410,25
석촌,상행,퇴근,전체,228,50
석촌,하행,밤,급행,660,26
석촌,하행,밤,완행,660,30
석촌,하행,밤,전체,320,57
석촌,하행,새벽,급행,780,5
석촌,하행,새벽,완행,780,7
석촌,하행,새벽,전체,400,12
석촌,하행,점심,급행,660,38
석촌,하행,점심,완행,660,39
석촌,하행,점심,전체,250,77
석촌,하행,출근,급행,380,24
석촌,하행,출근,완행,380,24
석촌,하행,출근,전체,262,48
석촌,하행,퇴근,급행,410,22
석촌,하행,퇴근,완행,410,24
석촌,하행,퇴근,전체,285,46
석촌고분,상행,밤,완행,660,28
석촌고분,상행,밤,전체,660,28
석촌고분,상행,새벽,완행,728,8
석촌고분,상행,새벽,전체,728,8
석촌고분,상행,점심,완행,660,39
석촌고분,상행,점심,전체,660,39
석촌고분,상행,출근,완행,380,25
석촌고분,상행,출근,전체,380,25
석촌고분,상행,퇴근,완행,410,24
석촌고분,상행,퇴근,전체,410,24
석촌고분,하행,밤,완행,660,30
석촌고분,하행,밤,전체,660,30
석촌고분,하행,새벽,완행,780,6
석촌고분,하행,새벽,전체,780,6
석촌고분,하행,점심,완행,660,39
석촌고분,하행,점심,전체,660,39
석촌고분,하행,출근,완행,380,25
석촌고분,하행,출근,전체,380,25
석촌고분,하행,퇴근,완행,410,24
석촌고분,하행,퇴근,전체,410,24
선유도,상행,밤,완행,660,26
선유도,상행,밤,전체,660,26
선유도,상행,새벽,완행,625,9
선유도,상행,새벽,전체,625,9
선유도,상행,점심,완행,660,40
선유도,상행,점심,전체,660,40
선유도,상행,출근,완행,380,24
선유도,상행,출근,전체,380,24
선유도,상행,퇴근,완행,410,25
선유도,상행,퇴근,전체,410,25
선유도,하행,밤,완행,545,34
선유도,하행,밤,전체,545,34
선유도,하행,새벽,완행,810,7
선유도,하행,새벽,전체,810,7
선유도,하행,점심,완행,660,44
선유도,하행,점심,전체,660,44
선유도,하행,출근,완행,505,20
선유도,하행,출근,전체,505,20
선유도,하행,퇴근,완행,480,21
선유도,하행,퇴근,전체,480,21
선정릉,상행,밤,급행,660,22
선정릉,상행,밤,완행,660,27
선정릉,상행,밤,전체,340,50
선정릉,상행,새벽,급행,720,6
선정릉,상행,새벽,완행,720,8
선정릉,상행,새벽,전체,368,14
선정릉,상행,점심,급행,660,38
선정릉,상행,점심,완행,660,39
선정릉,상행,점심,전체,340,77
선정릉,상행,출근,급행,380,24
선정릉,상행,출근,완행,380,25
선정릉,상행,출근,전체,245,49
선정릉,상행,퇴근,급행,410,25
선정릉,상행,퇴근,완행,410,25
선정릉,상행,퇴근,전체,245,50
선정릉,하행,밤,급행,660,27
선정릉,하행,밤,완행,660,31
선정릉,하행,밤,전체,305,59
선정릉,하행,새벽,급행,780,4
선정릉,하행,새벽,완행,780,7
선정릉,하행,새벽,전체,600,11
선정릉,하행,점심,급행,660,39
선정릉,하행,점심,완행,660,40
선정릉,하행,점심,전체,320,79
선정릉,하행,출근,급행,380,23
선정릉,하행,출근,완행,380,23
선정릉,하행,출근,전체,220,46
선정릉,하행,퇴근,급행,410,22
선정릉,하행,퇴근,완행,410,23
선정릉,하행,퇴근,전체,250,45
송파나루,상행,밤,완행,660,29
송파나루,상행,밤,전체,660,29
송파나루,상행,새벽,완행,735,7
송파나루,상행,새벽,전체,735,7
송파나루,상행,점심,완행,660,38
송파나루,상행,점심,전체,660,38
송파나루,상행,출근,완행,380,25
송파나루,상행,출근,전체,380,25
송파나루,상행,퇴근,완행,410,25
송파나루,상행,퇴근,전체,410,25
송파나루,하행,밤,완행,660,29
송파나루,하행,밤,전체,660,29
송파나루,하행,새벽,완행,780,7
송파나루,하행,새벽,전체,780,7
송파나루,하행,점심,완행,660,39
송파나루,하행,점심,전체,660,39
송파나루,하행,출근,완행,380,25
송파나루,하행,출근,전체,380,25
송파나루,하행,퇴근,완행,410,24
송파나루,하행,퇴근,전체,410,24
신논현,상행,밤,급행,660,23
신논현,상행,밤,완행,660,28
신논현,상행,밤,전체,332,52
신논현,상행,새벽,급행,715,6
신논현,상행,새벽,완행,725,8
신논현,상행,새벽,전체,400,14
신논현,상행,점심,급행,660,37
신논현,상행,점심,완행,660,39
신논현,상행,점심,전체,335,76
신논현,상행,출근,급행,380,26
신논현,상행,출근,완행,380,25
신논현,상행,출근,전체,265,51
신논현,상행,퇴근,급행,410,25
신논현,상행,퇴근,완행,410,25
신논현,상행,퇴근,전체,285,50
신논현,하행,밤,급행,660,27
신논현,하행,밤,완행,660,32
신논현,하행,밤,전체,280,60
신논현,하행,새벽,급행,780,4
신논현,하행,새벽,완행,780,7
신논현,하행,새벽,전체,685,11
신논현,하행,점심,급행,660,40
신논현,하행,점심,완행,660,41
신논현,하행,점심,전체,310,81
신논현,하행,출근,급행,382,22
신논현,하행,출근,완행,380,24
신논현,하행,출근,전체,290,46
신논현,하행,퇴근,급행,410,22
신논현,하행,퇴근,완행,410,23
신논현,하행,퇴근,전체,285,45
신목동,상행,밤,완행,660,26
신목동,상행,밤,전체,660,26
신목동,상행,새벽,완행,625,9
신목동,상행,새벽,전체,625,9
신목동,상행,점심,완행,660,40
신목동,상행,점심,전체,660,40
신목동,상행,출근,완행,380,24
신목동,상행,출근,전체,380,24
신목동,상행,퇴근,완행,410,25
신목동,상행,퇴근,전체,410,25
신목동,하행,밤,완행,552,34
신목동,하행,밤,전체,552,34
신목동,하행,새벽,완행,805,7
신목동,하행,새벽,전체,805,7
신목동,하행,점심,완행,660,44
신목동,하행,점심,전체,660,44
신목동,하행,출근,완행,510,20
신목동,하행,출근,전체,510,20
신목동,하행,퇴근,완행,480,21
신목동,하행,퇴근,전체,480,21
신반포,상행,밤,완행,660,27
신반포,상행,밤,전체,660,27
신반포,상행,새벽,완행,720,8
신반포,상행,새벽,전체,720,8
신반포,상행,점심,완행,660,38
신반포,상행,점심,전체,660,38
신반포,상행,출근,완행,380,25
신반포,상행,출근,전체,380,25
신반포,상행,퇴근,완행,410,26
신반포,상행,퇴근,전체,410,26
신반포,하행,밤,완행,660,33
신반포,하행,밤,전체,660,33
신반포,하행,새벽,완행,780,7
신반포,하행,새벽,전체,780,7
신반포,하행,점심,완행,660,42
신반포,하행,점심,전체,660,42
신반포,하행,출근,완행,380,22
신반포,하행,출근,전체,380,22
신반포,하행,퇴근,완행,430,22
신반포,하행,퇴근,전체,430,22
신방화,상행,밤,완행,660,25
신방화,상행,밤,전체,660,25
신방화,상행,새벽,완행,452,10
신방화,상행,새벽,전체,452,10
신방화,상행,점심,완행,660,41
신방화,상행,점심,전체,660,41
신방화,상행,출근,완행,380,23
신방화,상행,출근,전체,380,23
신방화,상행,퇴근,완행,410,24
신방화,상행,퇴근,전체,410,24
신방화,하행,밤,완행,440,35
신방화,하행,밤,전체,440,35
신방화,하행,새벽,완행,832,6
신방화,하행,새벽,전체,832,6
신방화,하행,점심,완행,660,45
신방화,하행,점심,전체,660,45
신방화,하행,출근,완행,530,19
신방화,하행,출근,전체,530,19
신방화,하행,퇴근,완행,502,20
신방화,하행,퇴근,전체,502,20
양천향교,상행,밤,완행,660,26
양천향교,상행,밤,전체,660,26
양천향교,상행,새벽,완행,550,10
양천향교,상행,새벽,전체,550,10
양천향교,상행,점심,완행,660,41
양천향교,상행,점심,전체,660,41
양천향교,상행,출근,완행,380,23
양천향교,상행,출근,전체,380,23
양천향교,상행,퇴근,완행,410,24
양천향교,상행,퇴근,전체,410,24
양천향교,하행,밤,완행,485,35
양천향교,하행,밤,전체,485,35
양천향교,하행,새벽,완행,810,7
양천향교,하행,새벽,전체,810,7
양천향교,하행,점심,완행,660,45
양천향교,하행,점심,전체,660,45
양천향교,하행,출근,완행,515,19
양천향교,하행,출근,전체,515,19
양천향교,하행,퇴근,완행,485,20
양천향교,하행,퇴근,전체,485,20
언주,상행,밤,완행,660,27
언주,상행,밤,전체,660,27
언주,상행,새벽,완행,720,8
언주,상행,새벽,전체,720,8
언주,상행,점심,완행,660,39
언주,상행,점심,전체,660,39
언주,상행,출근,완행,380,25
언주,상행,출근,전체,380,25
언주,상행,퇴근,완행,410,25
언주,상행,퇴근,전체,410,25
언주,하행,밤,완행,660,31
언주,하행,밤,전체,660,31
언주,하행,새벽,완행,780,6
언주,하행,새벽,전체,780,6
언주,하행,점심,완행,660,40
언주,하행,점심,전체,660,40
언주,하행,출근,완행,380,24
언주,하행,출근,전체,380,24
언주,하행,퇴근,완행,410,23
언주,하행,퇴근,전체,410,23
여의도,상행,밤,급행,660,21
여의도,상행,밤,완행,660,26
여의도,상행,밤,전체,380,48
여의도,상행,새벽,급행,720,8
여의도,상행,새벽,완행,720,9
여의도,상행,새벽,전체,335,17
여의도,상행,점심,급행,660,38
여의도,상행,점심,완행,660,40
여의도,상행,점심,전체,318,78
여의도,상행,출근,급행,380,25
여의도,상행,출근,완행,380,24
여의도,상행,출근,전체,280,49
여의도,상행,퇴근,급행,410,25
여의도,상행,퇴근,완행,410,25
여의도,상행,퇴근,전체,222,50
여의도,하행,밤,급행,655,30
여의도,하행,밤,완행,570,34
여의도,하행,밤,전체,265,65
여의도,하행,새벽,급행,780,3
여의도,하행,새벽,완행,788,6
여의도,하행,새벽,전체,440,9
여의도,하행,점심,급행,660,40
여의도,하행,점심,완행,660,43
여의도,하행,점심,전체,280,83
여의도,하행,출근,급행,460,21
여의도,하행,출근,완행,465,22
여의도,하행,출근,전체,315,43
여의도,하행,퇴근,급행,480,21
여의도,하행,퇴근,완행,480,21
여의도,하행,퇴근,전체,290,42
염창,상행,밤,급행,660,20
염창,상행,밤,완행,660,26
염창,상행,밤,전체,470,47
염창,상행,새벽,급행,705,8
염창,상행,새벽,완행,625,9
염창,상행,새벽,전체,220,17
염창,상행,점심,급행,660,38
염창,상행,점심,완행,660,40
염창,상행,점심,전체,218,78
염창,상행,출근,급행,380,25
염창,상행,출근,완행,380,24
염창,상행,출근,전체,200,49
염창,상행,퇴근,급행,410,25
염창,상행,퇴근,완행,410,25
염창,상행,퇴근,전체,218,50
염창,하행,밤,급행,655,31
염창,하행,밤,완행,500,35
염창,하행,밤,전체,205,67
염창,하행,새벽,급행,828,2
염창,하행,새벽,완행,800,7
염창,하행,새벽,전체,670,9
염창,하행,점심,급행,660,41
염창,하행,점심,완행,660,44
염창,하행,점심,전체,210,85
염창,하행,출근,급행,520,20
염창,하행,출근,완행,510,20
염창,하행,출근,전체,215,40
염창,하행,퇴근,급행,480,21
염창,하행,퇴근,완행,482,20
염창,하행,퇴근,전체,235,41
올림픽공원,상행,밤,급행,660,24
올림픽공원,상행,밤,완행,660,30
올림픽공원,상행,밤,전체,310,55
올림픽공원,상행,새벽,급행,720,5
올림픽공원,상행,새벽,완행,765,7
올림픽공원,상행,새벽,전체,465,12
올림픽공원,상행,점심,급행,660,38
올림픽공원,상행,점심,완행,660,38
올림픽공원,상행,점심,전체,290,76
올림픽공원,상행,출근,급행,380,24
올림픽공원,상행,출근,완행,380,25
올림픽공원,상행,출근,전체,195,49
올림픽공원,상행,퇴근,급행,410,24
올림픽공원,상행,퇴근,완행,410,24
올림픽공원,상행,퇴근,전체,175,48
올림픽공원,하행,밤,급행,660,25
올림픽공원,하행,밤,완행,660,28
올림픽공원,하행,밤,전체,245,54
올림픽공원,하행,새벽,급행,780,5
올림픽공원,하행,새벽,완행,780,8
올림픽공원,하행,새벽,전체,360,13
올림픽공원,하행,점심,급행,660,38
올림픽공원,하행,점심,완행,660,39
올림픽공원,하행,점심,전체,210,77
올림픽공원,하행,출근,급행,380,24
올림픽공원,하행,출근,완행,380,24
올림픽공원,하행,출근,전체,200,48
올림픽공원,하행,퇴근,급행,410,23
올림픽공원,하행,퇴근,완행,410,25
올림픽공원,하행,퇴근,전체,195,48
종합운동장,상행,밤,급행,660,23
종합운동장,상행,밤,완행,660,28
종합운동장,상행,밤,전체,295,52
종합운동장,상행,새벽,급행,720,6
종합운동장,상행,새벽,완행,730,7
종합운동장,상행,새벽,전체,375,13
종합운동장,상행,점심,급행,660,38
종합운동장,상행,점심,완행,660,39
종합운동장,상행,점심,전체,295,77
종합운동장,상행,출근,급행,380,24
종합운동장,상행,출근,완행,380,25
종합운동장,상행,출근,전체,215,49
종합운동장,상행,퇴근,급행,410,24
종합운동장,상행,퇴근,완행,410,25
종합운동장,상행,퇴근,전체,210,49
종합운동장,하행,밤,급행,660,26
종합운동장,하행,밤,완행,660,30
종합운동장,하행,밤,전체,235,57
종합운동장,하행,새벽,급행,780,5
종합운동장,하행,새벽,완행,780,7
종합운동장,하행,새벽,전체,525,12
종합운동장,하행,점심,급행,660,38
종합운동장,하행,점심,완행,660,40
종합운동장,하행,점심,전체,245,78
종합운동장,하행,출근,급행,380,23
종합운동장,하행,출근,완행,380,24
종합운동장,하행,출근,전체,195,47
종합운동장,하행,퇴근,급행,410,23
종합운동장,하행,퇴근,완행,410,23
종합운동장,하행,퇴근,전체,215,46
중앙보훈병원,상행,밤,급행,660,25
중앙보훈병원,상행,밤,완행,660,30
중앙보훈병원,상행,밤,전체,252,56
중앙보훈병원,상행,새벽,급행,720,5
중앙보훈병원,상행,새벽,완행,790,6
중앙보훈병원,상행,새벽,전체,350,11
중앙보훈병원,상행,점심,급행,660,37
중앙보훈병원,상행,점심,완행,660,38
중앙보훈병원,상행,점심,전체,300,75
중앙보훈병원,상행,출근,급행,380,24
중앙보훈병원,상행,출근,완행,380,25
중앙보훈병원,상행,출근,전체,205,49
중앙보훈병원,상행,퇴근,급행,410,24
중앙보훈병원,상행,퇴근,완행,410,25
중앙보훈병원,상행,퇴근,전체,225,49
중앙보훈병원,하행,밤,급행,660,24
중앙보훈병원,하행,밤,완행,660,28
중앙보훈병원,하행,밤,전체,240,53
중앙보훈병원,하행,새벽,급행,780,6
중앙보훈병원,하행,새벽,완행,780,8
중앙보훈병원,하행,새벽,전체,420,14
중앙보훈병원,하행,점심,급행,660,38
중앙보훈병원,하행,점심,완행,660,39
중앙보훈병원,하행,점심,전체,240,77
중앙보훈병원,하행,출근,급행,380,23
중앙보훈병원,하행,출근,완행,380,25
중앙보훈병원,하행,출근,전체,240,48
중앙보훈병원,하행,퇴근,급행,410,24
중앙보훈병원,하행,퇴근,완행,410,24
중앙보훈병원,하행,퇴근,전체,240,48
증미,상행,밤,완행,660,25
증미,상행,밤,전체,660,25
증미,상행,새벽,완행,600,9
증미,상행,새벽,전체,600,9
증미,상행,점심,완행,660,40
증미,상행,점심,전체,660,40
증미,상행,출근,완행,380,24
증미,상행,출근,전체,380,24
증미,상행,퇴근,완행,410,25
증미,상행,퇴근,전체,410,25
증미,하행,밤,완행,485,34
증미,하행,밤,전체,485,34
증미,하행,새벽,완행,838,6
증미,하행,새벽,전체,838,6
증미,하행,점심,완행,660,44
증미,하행,점심,전체,660,44
증미,하행,출근,완행,518,20
증미,하행,출근,전체,518,20
증미,하행,퇴근,완행,480,21
증미,하행,퇴근,전체,480,21
한성백제,상행,밤,완행,660,29
한성백제,상행,밤,전체,660,29
한성백제,상행,새벽,완행,765,7
한성백제,상행,새벽,전체,765,7
한성백제,상행,점심,완행,660,38
한성백제,상행,점심,전체,660,38
한성백제,상행,출근,완행,380,25
한성백제,상행,출근,전체,380,25
한성백제,상행,퇴근,완행,410,25
한성백제,상행,퇴근,전체,410,25
한성백제,하행,밤,완행,660,29
한성백제,하행,밤,전체,660,29
한성백제,하행,새벽,완행,780,7
한성백제,하행,새벽,전체,780,7
한성백제,하행,점심,완행,660,39
한성백제,하행,점심,전체,660,39
한성백제,하행,출근,완행,380,25
한성백제,하행,출근,전체,380,25
한성백제,하행,퇴근,완행,410,24
한성백제,하행,퇴근,전체,410,24
흑석,상행,밤,완행,660,27
흑석,상행,밤,전체,660,27
흑석,상행,새벽,완행,712,8
흑석,상행,새벽,전체,712,8
흑석,상행,점심,완행,660,39
흑석,상행,점심,전체,660,39
흑석,상행,출근,완행,380,25
흑석,상행,출근,전체,380,25
흑석,상행,퇴근,완행,410,25
흑석,상행,퇴근,전체,410,25
흑석,하행,밤,완행,605,33
흑석,하행,밤,전체,605,33
흑석,하행,새벽,완행,780,7
흑석,하행,새벽,전체,780,7
흑석,하행,점심,완행,660,43
흑석,하행,점심,전체,660,43
흑석,하행,출근,완행,395,22
흑석,하행,출근,전체,395,22
흑석,하행,퇴근,완행,410,21
흑석,하행,퇴근,전체,410,21
